{
    "$schema": "https://schema.management.azure.com/schemas/2019-04-01/deploymentTemplate.json#",
    "contentVersion": "1.0.0.0",
    "parameters": {
        "virtualMachines_qatest_vm_name": {
            "defaultValue": "qatest-vm",
            "type": "String"
        },
        "virtualNetworks_qatest_vnet_name": {
            "defaultValue": "qatest-vnet",
            "type": "String"
        },
        "networkInterfaces_example_nic_name": {
            "defaultValue": "example-nic",
            "type": "String"
        }
    },
    "variables": {},
    "resources": [
        {
            "type": "Microsoft.Network/virtualNetworks",
            "apiVersion": "2022-11-01",
            "name": "[parameters('virtualNetworks_qatest_vnet_name')]",
            "location": "westus2",
            "properties": {
                "addressSpace": {
                    "addressPrefixes": [
                        "10.0.0.0/16"
                    ]
                },
                "dhcpOptions": {
                    "dnsServers": []
                },
                "subnets": [
                    {
                        "name": "qatest-subnet",
                        "id": "[resourceId('Microsoft.Network/virtualNetworks/subnets', parameters('virtualNetworks_qatest_vnet_name'), 'qatest-subnet')]",
                        "properties": {
                            "addressPrefix": "10.0.2.0/24",
                            "serviceEndpoints": [],
                            "delegations": [],
                            "privateEndpointNetworkPolicies": "Enabled",
                            "privateLinkServiceNetworkPolicies": "Enabled"
                        },
                        "type": "Microsoft.Network/virtualNetworks/subnets"
                    }
                ],
                "virtualNetworkPeerings": [],
                "enableDdosProtection": false
            }
        },
        {
            "type": "Microsoft.Compute/virtualMachines",
            "apiVersion": "2023-03-01",
            "name": "[parameters('virtualMachines_qatest_vm_name')]",
            "location": "westus2",
            "dependsOn": [
                "[resourceId('Microsoft.Network/networkInterfaces', parameters('networkInterfaces_example_nic_name'))]"
            ],
            "properties": {
                "hardwareProfile": {
                    "vmSize": "Standard_F2"
                },
                "storageProfile": {
                    "imageReference": {
                        "publisher": "MicrosoftWindowsServer",
                        "offer": "WindowsServer",
                        "sku": "2016-Datacenter",
                        "version": "latest"
                    },
                    "osDisk": {
                        "osType": "Windows",
                        "name": "[concat(parameters('virtualMachines_qatest_vm_name'), '_OsDisk_1_3d69a2f606c842bbbdadddf79a403a6e')]",
                        "createOption": "FromImage",
                        "caching": "ReadWrite",
                        "writeAcceleratorEnabled": false,
                        "deleteOption": "Detach",
                        "diskSizeGB": 127
                    },
                    "dataDisks": []
                },
                "osProfile": {
                    "computerName": "[parameters('virtualMachines_qatest_vm_name')]",
                    "adminUsername": "adminuser",
                    "adminPassword": "P@$$w0rd1234!",
                    "windowsConfiguration": {
                        "provisionVMAgent": true,
                        "enableAutomaticUpdates": true,
                        "patchSettings": {
                            "patchMode": "AutomaticByOS",
                            "assessmentMode": "ImageDefault",
                            "enableHotpatching": false
                        },
                        "winRM": {
                            "listeners": []
                        },
                        "enableVMAgentPlatformUpdates": false
                    },
                    "secrets": [],
                    "allowExtensionOperations": true
                },
                "networkProfile": {
                    "networkInterfaces": [
                        {
                            "id": "[resourceId('Microsoft.Network/networkInterfaces', parameters('networkInterfaces_example_nic_name'))]",
                            "properties": {
                                "primary": true
                            }
                        }
                    ]
                },
                "diagnosticsProfile": {
                    "bootDiagnostics": {
                        "enabled": false
                    }
                },
                "priority": "Regular",
                "extensionsTimeBudget": "PT1H30M"
            }
        },
        {
            "type": "Microsoft.Network/networkInterfaces",
            "apiVersion": "2022-11-01",
            "name": "[parameters('networkInterfaces_example_nic_name')]",
            "location": "westus2",
            "dependsOn": [
                "[resourceId('Microsoft.Network/virtualNetworks/subnets', parameters('virtualNetworks_qatest_vnet_name'), 'qatest-subnet')]"
            ],
            "kind": "Regular",
            "properties": {
                "ipConfigurations": [
                    {
                        "name": "internal",
                        "id": "[concat(resourceId('Microsoft.Network/networkInterfaces', parameters('networkInterfaces_example_nic_name')), '/ipConfigurations/internal')]",
                        "etag": "W/\"df96d680-7142-4649-a2ce-b65f1ce30cd7\"",
                        "type": "Microsoft.Network/networkInterfaces/ipConfigurations",
                        "properties": {
                            "provisioningState": "Succeeded",
                            "privateIPAddress": "10.0.2.4",
                            "privateIPAllocationMethod": "Dynamic",
                            "subnet": {
                                "id": "[resourceId('Microsoft.Network/virtualNetworks/subnets', parameters('virtualNetworks_qatest_vnet_name'), 'qatest-subnet')]"
                            },
                            "primary": true,
                            "privateIPAddressVersion": "IPv4"
                        }
                    }
                ],
                "dnsSettings": {
                    "dnsServers": []
                },
                "enableAcceleratedNetworking": false,
                "enableIPForwarding": false,
                "disableTcpStateTracking": false,
                "nicType": "Standard"
            }
        },
        {
            "type": "Microsoft.Network/virtualNetworks/subnets",
            "apiVersion": "2022-11-01",
            "name": "[concat(parameters('virtualNetworks_qatest_vnet_name'), '/qatest-subnet')]",
            "dependsOn": [
                "[resourceId('Microsoft.Network/virtualNetworks', parameters('virtualNetworks_qatest_vnet_name'))]"
            ],
            "properties": {
                "addressPrefix": "10.0.2.0/24",
                "serviceEndpoints": [],
                "delegations": [],
                "privateEndpointNetworkPolicies": "Enabled",
                "privateLinkServiceNetworkPolicies": "Enabled"
            }
        }
    ]
}